team,matches_played,wins,dominance_score
Mumbai Indians,228,130,0.5701754385964912
Sunrisers Hyderabad,237,125,0.5274261603375527
Kolkata Knight Riders,250,130,0.52
Lucknow Super Giants,245,125,0.5102040816326531
Chennai Super Kings,198,100,0.5050505050505051
Delhi Capitals,203,98,0.4827586206896552
Punjab Kings,222,107,0.481981981981982
Rajasthan Royals,220,106,0.4818181818181818
Gujarat Titans,226,104,0.46017699115044247
Royal Challengers Bangalore,219,99,0.4520547945205479
